0,1,2,3,4,5
https://ekstrabladet.dk/sport/haandbold/dansk-toptraener-fanget-skudt-fem-gange-med-feberpistoler/8024218,5,Dansk toptræner fanget: Skudt fem gange med feberpistoler,,"Se professionel top-boksning i aften. Køb adgang herLars Friis-Hansen sidder fanget i Viborg, men ville egentlig hellere passe sit arbejde i Beijing. Den danske håndboldtræner er ikke smittet, men han er alligevel på sin vis ramt af coronavirus, og det kan have lange udsigter, inden han kan vende tilbage til jobbet hos Beijing Handball Association.Den 64-årige håndboldmand var netop startet på en toårig kontakt i den kinesiske hovedstad – så eksploderede Corona-pandemien i Wuhan, og Lars Friis-Hansen slap lige akkurat ud af Kina med det sidste SAS-fly 30. januar.- Byen var død. Det var en bizar oplevelse at gå rundt i et fuldstændig menneskeforladt Beijing. Ingen mennesker, ingen biler og slet ingen cyklister på gaderne i en by med over 20 mio. indbyggere. Det var en mystisk oplevelse, og på vej til lufthavnen blev jeg ’skudt’ fem gange med de feber-pistoler, der rent faktisk ligner håndvåben, siger han grinende.Lars Friis-Hansen er bestemt ikke skræmt af coronaudbruddet og forlod egentlig primært Beijing, fordi han alligevel på et tidspunkt skulle hjem til Danmark og have ændret sit ’one entry visum’, så han i fremtiden kan rejse ind og ud af det store land mod øst efter behov.- Myndighederne lukkede alt ned op til det kinesiske nytår, og så kunne jeg lige så godt rejse hjem. Nu fortæller mine kontakter i Beijing, at der ikke har været nye tilfælde i byen de sidste fire-fem dage, så myndighederne har tilsyneladende fået situationen indkapslet, siger Lars Friis-Hansen og tilføjer:- Så jeg ville egentlig hellere sidde i Beijing end risikere at blive ramt af sygdommen her i Viborg!",29. feb. 2020
https://ekstrabladet.dk/sport/anden_sport/boksning/barsk-rejse-har-mange-gange-taenkt-fuck-boksning/8025435,0,"Barsk rejse: - Har mange gange tænkt: Fuck, boksning!",,"Se professionel top-boksning i aften. Køb adgang herPå papiret er det stævnet i Ringkøbings hårdeste match. Promotor Kasper Holgersen og især matchmaker Thomas Madsen har i optakten da heller ikke lagt skjul på, at det er nu Landry Kore for alvor skal bevise, at han kan nå til tops.Den 30-årige danske mellemvægter er smækket på plakaten som Ringkøbing-stævnets hovedkamp - TK Promotions 2020-plan er, at Kore skal i top 50; det er både Holgersen og Madsen slet ikke i tvivl om, at deres lige nu største navn har potentialet til.- Derfra kan alt ske, sagde Thomas Madsen efter fredagens indvejning.- Inden længe kan Kore sagtens komme i spil til en mindre titelkamp. Det er i hvert fald planen, indskød matchmakeren.- Det bliver hardcoreKore, der lørdag møder den 29-årige franskmand Idaas Redjdal (10-1-2), kaldte selv matchningen for intet mindre end perfekt efter fredagens indvejning:- Det passer mig rigtig godt: Jeg har muligheden for at vise mit store potentiale frem. Bevise, hvor meget jeg kan. Jeg skal nok shine i morgen - jeg føler også, jeg kan meget mere i ringen, end jeg allerede har vist. I morgen skal jeg nok modbevise de kritikere, der stadig er skeptiske.- I morgen skal jeg bare være det, jeg kalder for hardcore (HardKore, kaldenavn, red.) - ikke så meget pjat. Selv med en brækket kæbe skal jeg sgu nok vinde den kamp i overbevisende stil - og så det bare hurtigt videre til den næste, smilede Landry Kore med reference til sin seneste duel, hvor han brækkede kæben allerede i 1. omgang - og sågar vandt alligevel.Et barskt gameNavnet Kore får måske ikke umiddelbart en klokke til at ringe hos den gængse dansker … Den danske mellemvægter erkender da også, at tilværelsen som bokser nok snarere skal beskrives som globetrotter end fastligger. Kore har nemlig bokset på adskillige udebaner og tidligere trænet blandt andet i USA. Han har bokset på udebane i Belgien, England og i Guds eget land - såmænd uden at tabe. Kore har sågar erobret en mindre titel, nemlig IBO’s Mediterranean-titel i mellemvægt, i Belgien. Imponerende nok, når man kender til gamet; thi at bokse på udebane er bestemt ikke nemt.- Det har da uden tvivl været en virkelig barsk rejse, jeg har været på. Tro mig, der har været mange gange, hvor jeg har tænkt: Fuck den her sport. Efter min sidste kamp i Horsens (Sauerland-stævne, red.) skrev jeg under med Q Pro Boxing. Men der skete en helt masse ting, som jeg ikke helt var med på, må jeg sige - jeg bar rundt på en masse frustrationer, inden Svend Rasmussen valgte at lukke ned. Jeg skulle have bokset mod Ashley Theophane, men det blev sgu aldrig til noget, sagde Landry Kore.- Men så meldte Kasper og Thomas sig heldigvis på banen og præsenterede et super fedt koncept: Jeg var også nødt til at fortælle dem, at jeg har været vidt omkring, er 30 år og har en lille pige. Jeg nået til et punkt i min karriere, hvor der virkelig skal til at ske noget, for ellers … Jeg har mere eller mindre bevist mig selv flere gange og er mere end klar til større opgaver, slog Kore fast.TK Promotion-bokseren er rangeret på BoxRec som nummer 109 i verden.     .article-widget-bodytext--facts{padding-top:0;padding-bottom:0}.article-widget-header--facts{font-size:30px;text-align:left}.facts-bg--white{border:1px solid #e5e5e5}.facts-coverup{position:absolute;left:0;right:0;bottom:0;height:60%;border-radius:5px}.article-widget--facts img{height:auto;width:100%}.cb-expand:checked~.transition-expand .facts-coverup{opacity:0;height:0}.facts-coverup--eb{background:-webkit-gradient(linear,left top,left bottom,from(rgba(189,17,24,0)),to(#bd1118));background:linear-gradient(rgba(189,17,24,0),#bd1118)}.facts-coverup--graa6{background:-webkit-gradient(linear,left top,left bottom,from(hsla(0,0%,89.8%,0)),to(#e5e5e5));background:linear-gradient(hsla(0,0%,89.8%,0),#e5e5e5)}.facts-coverup--black{background:-webkit-gradient(linear,left top,left bottom,from(transparent),to(#000));background:linear-gradient(transparent,#000)}.facts-coverup--white{background:-webkit-gradient(linear,left top,left bottom,from(hsla(0,0%,100%,0)),to(#fff));background:linear-gradient(hsla(0,0%,100%,0),#fff)}Av, min kæbe …Sidst, Landry Kore var i kamp, var til Team Sauerlands Dina Thorslund-stævne i Horsens. Her ramlede den 30-årige mellemvægter ind i Tomas Bezvoda, der landede en mærkbar træffer allerede i 1. omgang. Bezvoda tabte på point, men brækkede Kores kæbe.- Da jeg kom ud i ringhjørnet efter 1. omgang sagde jeg til min træner: Min kæbe er sgu brækket! Det kunne han godt se og spurgte: Hvad gør vi? Men der var sgu ikke noget at gøre - kampen skulle vindes! Selv, hvis jeg manglede min ene arm, ville jeg stadig bokse. Koste, hvad det koste vil, lød det determineret og Action Man-agtigt fra Kore.     .article-widget-bodytext--facts{padding-top:0;padding-bottom:0}.article-widget-header--facts{font-size:30px;text-align:left}.facts-bg--white{border:1px solid #e5e5e5}.facts-coverup{position:absolute;left:0;right:0;bottom:0;height:60%;border-radius:5px}.article-widget--facts img{height:auto;width:100%}.cb-expand:checked~.transition-expand .facts-coverup{opacity:0;height:0}.facts-coverup--eb{background:-webkit-gradient(linear,left top,left bottom,from(rgba(189,17,24,0)),to(#bd1118));background:linear-gradient(rgba(189,17,24,0),#bd1118)}.facts-coverup--graa6{background:-webkit-gradient(linear,left top,left bottom,from(hsla(0,0%,89.8%,0)),to(#e5e5e5));background:linear-gradient(hsla(0,0%,89.8%,0),#e5e5e5)}.facts-coverup--black{background:-webkit-gradient(linear,left top,left bottom,from(transparent),to(#000));background:linear-gradient(transparent,#000)}.facts-coverup--white{background:-webkit-gradient(linear,left top,left bottom,from(hsla(0,0%,100%,0)),to(#fff));background:linear-gradient(hsla(0,0%,100%,0),#fff)}Klar til kampDet mest bemærkelsesværdige var, at danske Michael Nielsens modstander fra Grækenland, Paris Stavropoulos, vejede intet mindre end 3,5 kg for meget, da han trådte op på vægten. Formand Jesper D. Jensen gav Stavropoulos fire timer til at smide de overflødige kilo - indtil klokken 20.00 - med disse ord: - Så er det i sauna eller ud på landevejen, for ellers kommer det sgu andre boller på suppen!Efter aftalen skulle den 23-årige græker have vejet 57 kg - TK Promotion accepteret en kampvægt et par hundrede gram over kompromisset 58 kg; hvilket givetvis har kostet Stavropoulos en pænt sjat penge fra pursen. Ellers klarede alle boksere i Ringkøbing vægtkravene:•	Landry Kore, 71,8 kg vs. Idaas Redjdal, 72,6 kg•	Mikkel Nielsen, 66,9 kg vs. Bernard Follea, 66,9 kg •	Oliver Møllenberg, 65,8 kg vs. Sandro Bordewick, 64,7 kg •	Michael Nielsen, 56,7 kg vs. Paris Stavropoulos, 60,5 kg•	Payman Eshan, 58 kg vs. Sergej Vib, 58,1 kg     .article-widget-bodytext--facts{padding-top:0;padding-bottom:0}.article-widget-header--facts{font-size:30px;text-align:left}.facts-bg--white{border:1px solid #e5e5e5}.facts-coverup{position:absolute;left:0;right:0;bottom:0;height:60%;border-radius:5px}.article-widget--facts img{height:auto;width:100%}.cb-expand:checked~.transition-expand .facts-coverup{opacity:0;height:0}.facts-coverup--eb{background:-webkit-gradient(linear,left top,left bottom,from(rgba(189,17,24,0)),to(#bd1118));background:linear-gradient(rgba(189,17,24,0),#bd1118)}.facts-coverup--graa6{background:-webkit-gradient(linear,left top,left bottom,from(hsla(0,0%,89.8%,0)),to(#e5e5e5));background:linear-gradient(hsla(0,0%,89.8%,0),#e5e5e5)}.facts-coverup--black{background:-webkit-gradient(linear,left top,left bottom,from(transparent),to(#000));background:linear-gradient(transparent,#000)}.facts-coverup--white{background:-webkit-gradient(linear,left top,left bottom,from(hsla(0,0%,100%,0)),to(#fff));background:linear-gradient(hsla(0,0%,100%,0),#fff)}Lidt om Kore …Egentlig var det planen, at Landry Kore tilbage i 2012-2013 som udsendt skulle passe tjansen som konstabel med ansvar for logistik i Helmand-provinsen i Afghanistan for Forsvaret. For Kore havde droppet boksedrømmen efter et nederlag i en semifinale til DM år tilbage mod ingen ringere end Ditlev Rossing.Men Kore blev alligevel overtalt til at stille op til Team Sauerlands audition i hovedstaden i 2013; da Sauerland dengang nemlig var på udkig efter en endnu en Kessler … En audition, der endte med at gå rigtig godt. Nisse Sauerland tog hurtigt kontakt til mellemvægteren.Kore greb chancen og endte med at bokse seks kampe som Sauerland-bokser, inden deres veje skiltes. Resten er historie.",29. feb. 2020
https://ekstrabladet.dk/flash/udlandkendte/journalist-staar-frem-min-eks-er-kaereste-med-lady-gaga/8025410,52,Journalist står frem: 'Min eks er kæreste med Lady Gaga',,"Det kom som noget af et chok, da 35-årige Lindsay Crouse, der arbejder som journalist på New York Times, så sin ekskæreste florere alle steder, fordi han netop er blevet præsenteret som manden i verdensstjernen Lady Gagas liv. Lindsay Crouse, der skriver og arbejder som redaktør på avisen, har i et nyt indlæg til det amerikanske medie fortalt om, hvordan det er, når man pludselig ser ens ekskæreste med en af planetens største stjerner. I indlægget fortæller hun, at hun sad og spiste vindruer, da telefonen pludselig begyndte at gå amok. Alle hun kendte skrev, om hun var okay, fordi de havde set hendes ekskæreste Michael Polansky gå hånd i hånd med Lady Gaga efter dette års Super Bowl. 'Jeg datede denne normale mand i syv år. Vores forhold varede hele universitetet og en del år mere. Som du nok har gættet, er jeg ikke kendt', skriver hun.Hun følger ikke sin ekskæreste længere - faktisk har han blokeret hende. Men efter at han er blevet kærester med en kendis, ser hun ham alle steder. 'Inden for en måned vidste jeg alt om hans nye forhold', skriver hun. Bekræftet af stjernen selvOg pludselig var det der! Billedet der bekræftede, at Lady Gaga og Michael Polansky var et vaskeægte par. På Instagram havde verdensstjernen lagt et sødt billede op af hende, der sidder på skødet af sin nye kæreste.",29. feb. 2020
https://ekstrabladet.dk/nyheder/politik/danskpolitik/ferrari-politiker-langede-ud-efter-konfirmander-i-ferrari/8025212,232,Ferrari-politiker langede ud efter konfirmander i Ferrari,,"Ved du noget om sagen, så tip os på 1224@eb.dk eller pr. sms til 1224.Konfirmander i Ferrarier er det rene cirkus. Og imod biblen.Få måneder efter han susede rundt i en Ferrari til 5,2 mio. kroner, havde Socialdemokratiets viceborgmester i Lyngby-Taarbæk kommune, Simon Pihl Sørensen, markante holdninger til netop Ferrari-kørsel. Hos konfirmander.",29. feb. 2020
https://ekstrabladet.dk/nyheder/politik/historisk-fredsaftale-usa-vil-traekke-alle-soldater-ud-af-afghanistan/8025203,54,Historisk fredsaftale: USA vil trække alle soldater ud af Afghanistan ,"Senere lørdag vil der ved en ceremoni i Doha, Qatar, blive underskrevet en fredsaftale mellem Taliban og USA","USA vil arbejde efter at trække alle sine soldater ud af Afghanistan 'inden for 14 måneder', fremgår det af fredsaftale med Taliban, skriver AFP.Det sker efter en historisk fredsaftale mellem USA og Taliban er blevet indgået.Det er den særlige amerikanske udsending til Afghanistan, Zalmay Khalilzad, der i Qatar på USA's vegne har underskrevet en fredsaftale med Taliban i Afghanistan. Talibans politiske chef, Abdul Ghani Baradar, underskriver på vegne af oprørerne.Stop angrebSamtidig har Taliban, den islamistiske oprørsgruppe i Afghanistan, lørdag formiddag givet alle sine militsfolk besked om 'at afstå fra enhver form for angreb'.Det oplyser en talsmand for Taliban, Zabiullah Mujahid.Det sker forud for, at de afghanske oprørere og USA senere på dagen underskriver en fredsaftale i Doha i Qatar.- I dag bliver alle Taliban-kæmpere beordret til at afstå fra enhver form for angreb ... for nationens lykke, siger Mujahid.- Den største ting er, at vi håber på, at USA fortsat vil leve op til deres løfter fra forhandlingerne og fredsaftalen.Men Mujahid føjer til, at udenlandske fly er i luften over de områder, som Taliban kontrollerer. Det er 'irriterende og provokerende', siger han.Den amerikanske ambassade i Indien kalder det 'en monumental dag for Afghanistan' efter 18 års krig i landet.Taliban har sendt 31 repræsenter til Doha for at deltage i ceremonien. For USA møder udenrigsminister Mike Pompeo for at overvære underskrivelsen af aftalen. Det sker på Sheraton Hotel i Doha.Samtidig er den amerikanske forsvarsminister, Mark Esper, kommet til den afghanske hovedstad, Kabul. Det ses som et forsøg på at forsikre den afghanske regering om, at USA fortsat vil stå bag den.Aftalen betyder, at USA reducerer sin styrke i Afghanistan fra cirka 13.000 soldater til 8600 i ugerne efter, at aftalen er underskrevet.Yderligere reduktioner vil være afhængig af, at voldshandlingerne falder mærkbart.Men det er uvist, om andre militante islamistiske grupper vil følge trop. En af de grupper, der har spredt rædsel med sine bombeangreb og gidselstagninger, er Islamisk Stat.USA trængte ind i Afghanistan i oktober 2001. Det var måneden efter terrorangrebet på USA, der dræbte op mod 3000 mennesker i World Trade Center i New York og forsvarsministeriet i Washington.Målet var dengang at nedkæmpe Osama bin Ladens islamistiske netværk al-Qaeda, som stod bag angrebene. Det daværende Taliban-styre havde givet al-Qaeda frit lejde og støtte til at operere fra Afghanistan.USA vil arbejde efter at trække alle sine soldater ud af Afghanistan 'inden for 14 måneder', fremgår det af fredsaftale med Taliban, skriver AFP.",29. feb. 2020
https://ekstrabladet.dk/nyheder/politik/amerikansk-lokalpolitiker-anklaget-for-at-lede-narkoring/8025184,41,Amerikansk lokalpolitiker anklaget for at lede narkoring,,"En lokalpolitiker fra den amerikanske delstat Hawaii er under heftig beskydning disse dage.Fredag kom det frem under et retsmøde i Honolulu, at manden ved navn Arthur Bruun, står tiltalt for at lede en kriminel bande, der involverer sig alt fra våben til salg af narkotika.Politikeren, som indtil for nyligt var vicedirektør for Kauai amts 'offentlig sikkerhed og service-komité, er anklaget for at drive en narkoring, hvor han i ledtog med en række bandemedlemmer har solgt metamfetamin. 11 andre personer er også tiltalt i den omfattende sag og organiseret kriminalitet.Våben og sexafpresningIfølge Kauai amts chefanklager, Kenji Price, har Arthur Bruun leveret våben til bandemedlemmerne, ligesom han også skulle have bedt om seksuelle tjenester til gengæld for metamfetamin - som han i øvrigt selv angiveligt er misbruger af.- Han er en politiker, som leder en narkoring i det samme amt, som han var blevet valgt til at repræsentere, lød det fredag skarpt fra anklager Kenji Price under retssagen ifølge det amerikanske medie ABC News.Lokalpolitikeren afviste til gengæld under retsmødet fredag alle anklager. Det skete, efter at anklageren havde fremført et omfattende bevismateriale mod Bruun - herunder optagede lydfiler, billeder og politirapporter.Stak af fra politiI oktober 2019 blev Bruun eksempelvis stoppet, fordi han blev set i færd med at handle metamfetamin med en bandeleder. Da betjenten bad ham slukke bilen og stå ud på gaden, forsøgte lokalpolitikeren at stikke af, hvilket påførte seriøse skader på betjentens arm. I en efterfølgende lydfil, som politiet har fået adgang til gennem Bruuns telefon, erkender den sigtede politiker at være skyld i at såre betjenten.Arthur Bruun ankom til retssagen fredag i en kørestol, fordi han 7. februar kørte galt, da han ramte en pickup-truck i den modsatte vejbane. Her kom et seksårigt barn og en mand til skade. Under ulykken blev Bruun selv kvæstet. Han er endnu ikke smidt ud af det lokale byråd i Kauai Amt.",29. feb. 2020
https://ekstrabladet.dk/sport/fodbold/dansk_fodbold/superligaen/fc_koebenhavn/danske-spil-skal-af-med-millioner/8024110,0,Danske Spil skal af med millioner,"Danske Spil må til lommerne, efter FC København spillede sig videre i Europa League torsdag aften","Se professionel top-boksning i aften. Køb adgang herFC København er klar til 1/8-finalerne i Europa League, efter at de torsdag aften besejrede skotske Celtic med 3-1 på Celtic Park i Glasgow.Det var imidlertid ikke alle, der havde stor tro på det danske mandskab før kampen, og sejren blev især dyr for spilselskabet Danske Spil.Før kampstart gav Danske Spil odds 4,70 på videre avancement for det danske mandskab, mens en sejr til FC København stod til odds 8,35. Og efter at FC København vandt - og dermed sikrede sig videre avancement - skal Danske Spil altså nu til lommerne.De skal således udbetale knap to millioner kroner til oddsere, meddeler de i en pressemeddelelse.FC København møder tyrkiske Istanbul Basaksehir i ottendedelsfinalen. Læs mere om FCK's lodtrækning her:  Se også: FC København trækker Istanbul Başakşehir i Europa League Se også: Politiet åbner sag mod FCK-angriberen Michael Santos Se også: Frygter coronavirus: Newcastle forbyder håndtryk",29. feb. 2020
https://ekstrabladet.dk/flash/filmogtv/jeg-var-saa-bange/8025094,19,- Jeg var så bange,,"Ilona imponerede stort i 'X Factor's andet liveshow.Her sang den 24-årige 'One day I'll fly away' af Randy Crawford og viste en mere følsom side af sig selv.- Jeg havde det rigtig godt med sangen. Den betyder rigtig meget for mig. Jeg elsker denne her sang faktisk. Den siger så meget om min personlighed. Jeg er ikke kun denne her sjove type, jeg er også meget følsom i virkeligheden, sagde Ilona efter programmet.",29. feb. 2020
https://ekstrabladet.dk/nyheder/samfund/forskere-virus-kan-have-vaeret-her-laengere-end-vi-troede/8025337,29,Forskere: Virus kan have været her længere end vi troede,,"Nye test tyder på, at coronavirussen kan have cirkuleret rundt i Italien i flere uger før det første bekræftede smittetilfælde.Det skriver The Guardian.Italien har den seneste uge lukket ti byer ned i det nordlige Italien og over 800 mennesker er konstateret smittet, hvor størstedelen er konstateret i Lombardiet-regionen.Smittetilfældene i Italien blussede frem på rekordtid og er det land i Europa med flest smittede, efter landet konstaterede sit første tilfælde i sidste uge.I et forsøg på at forstå den hurtige spredning i landet, har forskere nu testet virussen fra en italiensk patient. Resultaterne viser betydelige genetiske forskelle i forhold til den virus, som er fundet i Kina og fra to smittede kinesiske turister i Rom.Derfor peger forskere ved Sacco Hospital i Milano på, at den hurtige spredning kan skyldes, at virussen har været i landet i længere tid end først antaget. Muligvis før fly mellem Italien og Kina blev forbudt.- Jeg kan ikke med sikkerhed bekræfte et sikkert estimat af den tid, hvor virussen har cirkuleret rundt i Italien, men der er nogle beviser på, at cirkulationen måske ikke er så ny i Italien, fortæller direktør for biomedicinsk forksningsinstitut Massimo Galli til APF.Italiens høje antal smittede er derfor ikke nødvendigvis fordi, at virussen spreder sig, men et resultat af, at mange er blevet smittet langt tidligere end først antaget, men først er blevet testet nu.Svært at inddæmmeIndtil videre har man koncentreret sig om at teste personer med symptomer, der har været i kontakt med smittede eller kommer hjem fra lande med høj risiko for smittetilfælde.Spredningen af coronavirus fra Italien til andre lande indikerer, at virussen kan have spredt sig, fordi man ikke har testet de personer, der ikke har været i risikozonen og virussen derfor er blevet spredt yderligere.Ifølge Massimo Galli muterer virussen fra person til person, hvilket kan gøre det sværere at inddæmme tilfældene  i Europa.Resultaterne fra Italien kan bidrage til forskernes forståelse af virussen og epidemien, og samtidig hjælpe dem med at udvikle en behandling mod den.Se også: Ny coronapatient har kunnet smitte andre i over en uge",29. feb. 2020
https://ekstrabladet.dk/sport/anden_sport/boksning/rent-kaos-tredje-promotor-paa-et-aar/8025323,1,Rent kaos: Tredje promotor på ét år,,"Se professionel top-boksning i aften. Køb adgang herDet boblede med optimisme i Oliver Møllenberg; det 18-årige Gilleleje-talent sprudlede af selvtillid, da Ekstra Bladet for første gang stiftede bekendtskab med den tidligere promotor Peder Forsmans seneste skud på stammen.Forventningens glæde over for første gang at skrive under med en seriøs promotorbiks.Men blot en enkelt kamp blev det til som Forsman-bokser. For selvom det tegnede så lovende, så endte det dog med en større skandale; Peder Forsman måtte dreje nøglen om og droppe sin titel som promotor grundet en blakket fortid som voldtægtsdømt.En hård opstartDen visionære og enormt ambitiøse Svend Rasmussen greb hurtigt stafetten og samlede blandt andre den purunge Møllenberg op, som ellers nær var blevet tabt på gulvet, før det ellers sådan rigtig for alvor var begyndt.Tre kampe i Q Pro Boxing-stalden blev det til: Det hele kulminerede på sin vis med den dramatiske og særdeles underholdende titelkamp i Gilleleje med Møllenberg i hovedrollen.Men siden måtte også Svend Rasmussen og Thomas Møllenberg såmænd også lukke og slukke; her grundet ubehagelig chikane. Så der stod Oliver Møllenberg så igen - uden promotor.Uden at overdrive endte sidste år derfor også langt mere tumultarisk, end Gilleleje-knægten nok selv havde regnet med:- På den måde har det da været utrolig hårdt - allerede at have sin tredje promotor på lige knap et år. To lukkede ned så hurtigt … Det jo helt vildt? Der har bare været mange problemer det sidste år - men også enormt mange fede oplevelser siger Oliver Møllenberg.- Tiden hos Svend (Rasmussen, red.) vil jeg aldrig glemme. Det var en fantastisk tid; alle de ting der blev gjort for os - og så trænede jeg med Mikkel Kessler flere gange om ugen. Det sluttede på en utrolig ærgerlig måde, men der havde man sgu fat i lange ende, siger han.    .article-widget-bodytext--facts{padding-top:0;padding-bottom:0}.article-widget-header--facts{font-size:30px;text-align:left}.facts-bg--white{border:1px solid #e5e5e5}.facts-coverup{position:absolute;left:0;right:0;bottom:0;height:60%;border-radius:5px}.article-widget--facts img{height:auto;width:100%}.cb-expand:checked~.transition-expand .facts-coverup{opacity:0;height:0}.facts-coverup--eb{background:-webkit-gradient(linear,left top,left bottom,from(rgba(189,17,24,0)),to(#bd1118));background:linear-gradient(rgba(189,17,24,0),#bd1118)}.facts-coverup--graa6{background:-webkit-gradient(linear,left top,left bottom,from(hsla(0,0%,89.8%,0)),to(#e5e5e5));background:linear-gradient(hsla(0,0%,89.8%,0),#e5e5e5)}.facts-coverup--black{background:-webkit-gradient(linear,left top,left bottom,from(transparent),to(#000));background:linear-gradient(transparent,#000)}.facts-coverup--white{background:-webkit-gradient(linear,left top,left bottom,from(hsla(0,0%,100%,0)),to(#fff));background:linear-gradient(hsla(0,0%,100%,0),#fff)}Tredje gang er …19-årige Oliver Møllenberg har skrevet under med TK Promotion; promotor Kasper Holgersen og matchmaker Thomas Madsen skal nu sørge for, at der kommer ro på tilværelsen hos Gilleleje-talentet. Trods andre henvendelser fra blandt andre en ihærdig Nisse Sauerland, så endte Møllenberg med at vælge det vestjyske makkerpar.Se professionel top-boksning i aften. Køb adgang her--------- SPLIT ELEMENT ---------Valgte Sauerland fra: - Nu skal der sgu være ro i baglandetDet, Oliver Møllenberg eftersøger, er ikke overraskende arbejdsro; med andre ord ro i baglandet.Da Gilleleje-talentets seneste promotor Svend Rasmussen sidste år med kort varsel besluttede sig for at dreje nøglen om på grund af vedvarende chikane rettet direkte mod ham selv, ja, så stod det klart, at Møllenberg måtte på den igen.Det hele sluttede temmelig brat; både de store armbevægelser; de store drømme; de revolutionerende tanker.Men der var ikke noget at stille op …Klog af skade trodsede Møllenberg derfor flere (formentlig) fristende tilbud - fra blandt andre Team Sauerland - og skrev under med den mindre biks: TK Promotion. Og det er der såmænd en ganske særlig grund til:- Med de to vestjyder bag roret kommer der med garanti ro på. Det er to herrer, der har været i boksesporten i mange år, så de kender gamet ud og ind. Nu er der ikke længere noget, der kan overraske os: Der er ikke andre der pludselig kommer indover, som ikke rigtig aner, hvad de i virkeligheden laver. Der er orden på sagerne. For her er der fuldt fokus kun på fire-fem boksere, og det tiltaler mig rigtig meget, siger Oliver Møllenberg.En hudløst ærlig promotorThomas Møllenberg er nu tilbage i rollen udelukkende som holdleder - til dels træner - i Team Møllenberg. Promotor-rollen er i hvert fald for en stund lagt på hylden siden Svend Rasmussens exit fra dansk boksning …Møllenberg-senior er da bestemt heller ikke et sekund i tvivl om, at et samarbejde med lige netop Kasper Holgersen og Thomas Madsen er det eneste rigtige:- Kasper er en sindig vestjyde med benene solidt plantet på jorden. Han tager ikke sig selv - eller boksning for den sags skyld - for mere, end hvad det er. Han har sine egne ideer og et meget jordnært samarbejde med bokseklubberne rundt om i landet - hvilket jeg godt kan li’. Det passer bare rigtig godt til Team Møllenberg lige nu, siger Thomas Møllenberg.- For Kasper siger tingene, som de er: Han er hudløst ærlig og har samtidig ambitioner. Jeg stoler helt ærligt 110 procent på Kasper og Thomas, siger den tidligere promotor.Passer på sin sønThomas Møllenberg indrømmer dog også, at 2019 vist nok blev en kende mere kaotisk end planlagt:- Det var da helt hen i vejret alle de ting, der blev afsløret om vores første promotor - fy for pokker! udbryder Thomas Møllenberg om de temmelig overrumplende afsløringer, der sidste år tvang den den nu tidligere promotor Peder Forsman til at dreje nøglen om.- Men jeg har til gengæld aldrig oplevet en direktør som Svend, der var så nærværende og tillidsfuld over for sine boksere, indvender Møllenberg.Men TK Promotion - især med Kasper Holgersen i spidsen - giver Thomas Møllenberg ro i sindet:- Oliver skal nu bygges fornuftigt op - jeg føler mig helt tryg ved Kasper, samtidig med jeg nok også får en stor indflydelse … Boksesporten er både ubarmhjertig og uretfærdig. Det er et hårdt game, men jeg passer på min søn og det vil jeg altid gøre, slutter Møllenberg.    .article-widget-bodytext--facts{padding-top:0;padding-bottom:0}.article-widget-header--facts{font-size:30px;text-align:left}.facts-bg--white{border:1px solid #e5e5e5}.facts-coverup{position:absolute;left:0;right:0;bottom:0;height:60%;border-radius:5px}.article-widget--facts img{height:auto;width:100%}.cb-expand:checked~.transition-expand .facts-coverup{opacity:0;height:0}.facts-coverup--eb{background:-webkit-gradient(linear,left top,left bottom,from(rgba(189,17,24,0)),to(#bd1118));background:linear-gradient(rgba(189,17,24,0),#bd1118)}.facts-coverup--graa6{background:-webkit-gradient(linear,left top,left bottom,from(hsla(0,0%,89.8%,0)),to(#e5e5e5));background:linear-gradient(hsla(0,0%,89.8%,0),#e5e5e5)}.facts-coverup--black{background:-webkit-gradient(linear,left top,left bottom,from(transparent),to(#000));background:linear-gradient(transparent,#000)}.facts-coverup--white{background:-webkit-gradient(linear,left top,left bottom,from(hsla(0,0%,100%,0)),to(#fff));background:linear-gradient(hsla(0,0%,100%,0),#fff)}Lørdag er Oliver Møllenberg endelig tilbage i ringen i ledtog med Team Møllenberg - bestående blandt andet af træneren Carsten Post og manden med overblikket, Thomas Møllenberg. Denne gang er det mod den 28-årige tysker Sandro Luetke til TK Promotions debutstævne i Ringkøbing. --------- SPLIT ELEMENT ---------Chikane tvang Q Pro til exit: Hadefulde beskeder spolerede drømmenDe store ambitioner og det revolutionerede Q Pro Boxing-projekt blev hurtigt skrinlagt. - Brandærgerligt, lyder det fra den nu tidligere promotor Thomas Møllenberg Efter mindre end et års eksistens valgte de to boksepromotorer Svend Rasmussen og Thomas Møllenberg at lukke det storstilede projekt Q Pro Boxing ned - angiveligt fordi grov chikane nærmest umuliggjorde både at arrangere stævner og finde sponsorer.- Siden vi afholdt Quaestor Fight Night i Gilleleje, har vi oplevet, at der er blevet sendt emails ud til byer og virksomheder, som vi har været i kontakt med angående nye stævner. Disse emails indeholder voldsomme beskyldninger, som intet hold har på sig. Ydermere har vi indikationer på, at disse oplysninger stammer fra en intern kilde, sagde Svend Rasmussen i en pressemeddelelse tilbage i december.Thomas Møllenberg ser tilbage på det ambitiøse tiltag i dansk boksning med lige dele ærgrelse og uforståenhed: For Q Pro Boxing havde dæleme fat i den lange ende, understreger Møllenberg.- Det er bare en pissehamrende ærgerlig følelse, man sidder tilbage med. Jeg mener virkelig, at vi havde fat i noget: Svend var revolutionerende i sin skæve tankegang - det var dejligt forfriskende.- Men når der bare bliver ved med at komme utroligt hadefulde mails, der faktisk havde den effekt, at der simpelthen var kommuner, der direkte sagde nej til vores henvendelser - samtidig med det pludselig blev langt sværere at finde sponsorer. Når det bliver ved med at være op ad bakke hver eneste gang, vi skulle søsætte nye initiativer … Jeg kan sgu godt forstå, at Svend sagde stop - at han hellere ville koncentrere sig om andre ting. Vores stævner, syntes jeg jo ellers selv, fik både Team Sauerlands og Mogens Palles til at ligne røven af fjerde division.- Men hver gang, vi informerede internt om nogle ting, så gik der ikke lang tid før, vi ramte en barriere i forhold til at udleve vores ideer i praksis - det hele blev hurtigt meget mudret. Jeg så selv nogle af mailene - de var i hvert fald ekstremt hadefulde og personlige.- Når det først begynder at gå ud over ens familie, og man kan mærke, at det næsten forandrer én selv - så er det jo, at man reflekterer over, om det overhovedet giver mening det hele? siger Thomas Møllenberg, der sagtens kunne forstå sin daværende kompagnons beslutning om at trække stikket.    .article-widget-bodytext--facts{padding-top:0;padding-bottom:0}.article-widget-header--facts{font-size:30px;text-align:left}.facts-bg--white{border:1px solid #e5e5e5}.facts-coverup{position:absolute;left:0;right:0;bottom:0;height:60%;border-radius:5px}.article-widget--facts img{height:auto;width:100%}.cb-expand:checked~.transition-expand .facts-coverup{opacity:0;height:0}.facts-coverup--eb{background:-webkit-gradient(linear,left top,left bottom,from(rgba(189,17,24,0)),to(#bd1118));background:linear-gradient(rgba(189,17,24,0),#bd1118)}.facts-coverup--graa6{background:-webkit-gradient(linear,left top,left bottom,from(hsla(0,0%,89.8%,0)),to(#e5e5e5));background:linear-gradient(hsla(0,0%,89.8%,0),#e5e5e5)}.facts-coverup--black{background:-webkit-gradient(linear,left top,left bottom,from(transparent),to(#000));background:linear-gradient(transparent,#000)}.facts-coverup--white{background:-webkit-gradient(linear,left top,left bottom,from(hsla(0,0%,100%,0)),to(#fff));background:linear-gradient(hsla(0,0%,100%,0),#fff)}FaktaboksPromotor Svend Rasmussen og Thomas Møllenberg rådede blandt andre over boksere som Oliver Møllenberg Mikkel Nielsen og Kessler-lærlingen Abdul Khattab - samt Landry Kore.Se professionel top-boksning i aften. Køb adgang her",29. feb. 2020
https://ekstrabladet.dk/vin/vinnyheder/stortest-rom-fra-uafhaengige-aftappere/7994594,7,Stortest: Rom fra uafhængige aftappere,,"Artiklen er lavet i samarbejde med Danmarks whiskymagasin Whisky & Rom og SpritNyt.com - klik her for at læse mere.Testen er lavet af Mads Heitmann fra Romhatten.dk og Thomas Rydberg, Whisky & RomI denne test kigger vi nærmere på markedet for uafhængige romaftapninger, dvs. aftapninger, som ikke kommer direkte fra de enkelte destillerier rundt omkring i verden, men derimod fra romkøbmænd, som har deres egne mærker. Disse romkøbmænd indkøber altså rom fra hele verden, dog primært Caribien, Syd- og Mellemamerika, hvorefter nogen efterbehandler rommen for at give en bestemt smag. Andre tapper det direkte på flaske som single cask aftapninger ved fuld fadstyrke.Det uafhængige rommarked er stort og ikke mindst utroligt spændende. Det er romnørdens legeplads, hvor aftapperne ikke er blege for at bruge interessante finishfade, tappe ved skæve alkoholprocenter samt blande forskellige destillater fra forskellige producenter. Desuden er det også et marked, hvor der bliver blandet ganske lidt sukker i rommen, hvilket vi her på Whisky & Rom Magasinet er store tilhængere af. Long Pond Jamaica 2007  BEDSTE ROM62,5% | Juuls | 1285 kr.Meget flot duft. Den er mørk og intens. Blommer, banan og syrlige bær. Lækker, lækker smag med noter af high ester-smagselementer. Super fed rom! 95 Long Pond Cambridge Jamaica 200562,5% | Juuls | 1295 kr.Power på duften! Denne rom vil frem i livet. Godt med intensitet og en rigtig flot balance. Banan og andre tropiske frugter. Skøn rom. 94 Plantation Extreme No. 3 HJC 22 års Jamaica56,2% | Juuls | 1999 kr.Wow, stor, stor rom! Masser af fylde og kompleksitet. Det er virkelig en rom i harmoni på trods af en høj alkohol. Hvilken smagsbombe. 94 Long Pond Jamaica 200363% | Juuls | 1495 kr.Tæt og fyldig i duft og smag. Masser af krydrede noter, sort peber og vanilje. Flot dybde og meget lang, vedvarende afslutning. 94 Habitation Velier Hampden 9 års 201062% | Juuls | 995 kr.Fantastisk næse; banan, let acetone (på den gode måde), tropiske frugter såsom ananas og mango. Smagen er endnu mere fantastisk! Syrlig, full bodied og med en kanon lang eftersmag. Der er høj alkohol, men smagen kan bære det. Skøn rom. 93 Rum Nation Rare Rums Worthy Park 2006-201858% | MacY | 899 kr. tilbudsprisOrange noter i duften. Den høje alkohol fornemmes klart men bagved den en flot renhed og dybde. Kompleks med en afstemt sødme og lang, vedvarende afslutning. 93 Plantation Extreme No. 3 ITP 22-års Jamaica54,8% | Juuls | 1999 kr.Flotte mørke noter af hindbærkompot og melasse. På smagen er den flot og syrlig i sit udtryk. Det er en skøn rom. 92 Diamond of Frederiksberg Guyana n. 3457,8% | Juuls | 1095 kr.Mørke, krydrede noter. Flot stringent, krydret rom, tør i stilen, hvor den høje alkohol fornemmes men er integreret. 92 Silver Seal 1991 Trinidad Rum Aged 25 Years51 % | CRT Spirits | 2999 kr.Lette orange og kryddernoter i duften. Pæn fyldig i udtrykket og masser af intensitet. Flot kompleksitet. Mange lag. 92 Long Pond Vale Royal Jamaica 200662,5% | Juuls | 1175 kr.God, klassisk smagende Jamaica-rom. Den er intens i smagen og har en høj alkoholfornemmelse, men alt i alt går den godt i spænd som helhed. 92 Indian Ocean Stills Chamarel 201458% | Juuls | 529 kr.Tør og krydret i næsen. Sødmefuld i smagen med nelliker, kanel og toffeenoter. Alkoholen fornemmes. 91  Duncan Taylor Panama Rum 200452,9% | H.J. Hansen | 899 kr.Mørke krydrede noter i duften. Mahogny, svesker, toffee og vanilje. Medium sødme og lang afslutning. Ganske flot. 91 Plantation Jamaica 2005 BEDSTE KØB45,2% | Juuls | 469 kr.Appelsin i næsen. Høj alkohol men velintegreret. Pænt krydret og moderat sødme. Tør og pæn afslutning. 91 Compagnie Des Indes Guyana 27-års52,7% | Juuls | 2750 kr.Kaffe, egetræ og bitter chokolade i duft og smag. Den er høj på alkohol, men det gør ikke noget. En glimrende rom. 91 Chantal Comte La Tour De l’Or 2005 Brut De Fûts51,5 % | CRT Spirits | 2599 kr.Mørk og krydret i duft og smag. Tørre fadtanniner, mahogni og vanilje i smagen. Pæn, krydret afslutning. 91 Chantal Comte La Tour De l’Or 2001 Brut De Fûts64,8 % | CRT Spirits | 1999 kr.Citrus og krydderier i smagen. Alkoholen noget brændende. Pæne, krydrede noter bagved og en lang afslutning. 91 Rum Nation Rare Rums Hampden 1992-201661,6% | MacY | 2499 kr. tilbudsprisFlot næse, som er præget af banan og andre tropiske frugter. Smagen er brændt og har klassiske Jamaica-rom-noter i sig. Pæn navy-stil, men en stor rom er det ikke. 91 Demerara no. 33 Guyana57,3% | Juuls | 995 kr.Duften er en smule anonym, men smagen vil noget mere. Den er mørk og dunkel, dog ikke så dyb. En god og solid rom men ikke mere end det. 90 Plantation Jamaica 18 års 199845,2% | Juuls | 1250 kr.Lidt anonym næse, men smagen tager ikke fejl. Den smager brændt og frugtig. Pæn balance. 90 Habitation Velier Hampden 6 års 201067% | Juuls | 949 kr.Pæn, syrlig duft og godt med frugt. Smagen er lækker, men alkoholen er lidt dominerende. 90 Silver Seal 2004 Hatian Rum Aged 13 Years46 % | CRT Spirits | 179 kr.Frugtig i næsen. Sødmefuld med orange, citrus og kryddernoter. Flot, elegant rom. 90 Habitation Velier Last Ward 9 års 200959% | Juuls | 1250 kr.Ganske pæn næse med kakao, kaffe og syrlighed. På smagen er alkoholen meget til stede og skaber desværre en noget ubalanceret oplevelse. Men når alkoholen lægger sig, så kommer smagene, som er præget af mynte, træ, tobak og lakrids. 90 Silver Seal 2001 Panama Aged 16 Years46 % | CRT Spirits | 2199 kr.Frugtig næse med en moderat sødme i smagen. Krydret med vanilje og orangenoter. Ganske flot og velbalanceret. 90 Silver Seal Jamaica 2000 Long Pond Distillery 16 Years Old Rum51 % | CRT Spirits | 2399 kr.Citrus i næsen. Krydret med orange, vanilje i smagen. Pænt balanceret med en let brændende afslutning. 90 Alfred’s Trail 8.6 Belize Cask Strength Port Finish Rum58% | CRT Spirits | 899 kr.Mørk og intens krydret. Høj alkohol, som dominerer. Meget mørk og intens med en krydret, lang afslutning. 90 Foursquare Barbados 201364% | Juuls | 819 kr.Citrus og orangenoter. Høj alkohol men velbalanceret. Lyse, krydrede og let syrlige noter. Pæn dybde og længde. 90 Compagnie Des Indes Nicaragua 17-års64,9% | Juuls | 1095 kr.Dadler, figner og egetræ på næsen. I munden er den helt tør, men samtidigt bidrager den med søde elementer i smagen. 90 Compagnie Des Indes Jamaica 9-års53,5% | Juuls | 750 kr.Krydret næse. Sødmefuld i smagen med orange, kanel, varme krydderier og vanilje. Pænt balanceret og afslutning. 90 Bapt & Clem’s République Dominicaine Ans 8 d’age Armagnac Finish45 % | CRT Spirits | 599 kr.Mørk og krydret i duften. Blid, rund og meget krydret i udtrykket. Pæn intensitet og længde. 90 Habitation Velier Forsyths WP 200557,8% | Juuls | 799 kr.Lettere i stilen inden for det tungere rom-segment. Tropiske frugter fylder meget! Den har bestemt noget at byde på. Flot, tør afslutning. 90 Compagnie Des Indes Barbados 16-års62% | Juuls | 1125 kr.En rom i harmonisk balance både på duft og smag. Man fornemmer et lidt tungere destillat, men vi mangler måske lidt mere dybde. Den spiller meget på de høje toner. 89 Indian Ocean Stills Savanna 201261% | Juuls | 679 kr.Lette appelsinnoter samt kaffe i duften. Alkoholen er en anelse dominerende, men når den lægger sig, kommer der karamel og vanilje frem på smagen. Udmærket rom men lidt ubalanceret på alkoholen. 89 Chantal Comte Cuvée Caribaea Rhum Blanc50,16 % | CRT Spirits | 699 kr.Hvid rom med frugtige noter. Blød, rund og sødmefuld i smagen med skovbær og lette krydderier. 89 Compagnie Des Indes Boulet de Canon46% | Juuls | 649 kr.Whiskypræg i næsen. Røget præg med efterfølgende sødme. Blød og rund med en pæn længde. 89 Flying No. 11 Jamaica61,6% | Juuls | 7500 kr.Blød og lækker duft af frugter. Dejlig smag, også af frugter, en lidt brændende fornemmelse på tungen men fin og lang eftersmag. 89 Silver Seal 1998 Demerara Uitvlugt Aged 19 Years52,1 % | CRT Spirits | 2799 kr.Orangenoter i duften. Sødmefuld i smagen med toffee, varme krydderier og tropisk frugt. Pæn afslutning. 89 Compagnie Des Indes Latino40% | Juuls | 339 kr.Flot intensitet i næsen. Orange- og citrusnoter, vanilje og lette krydderier. Pænt balanceret med en krydret afslutning. 88 Compagnie Des Indes Jamaica Navy57% | Juuls | 449 kr.Duften er lidt lukket, måske grundet en høj alkohol. Smagen er præget af vanilje og karamel. En anelse kedelig rom, som hovedsageligt byder på alkohol. 88 Plantation Peru 200643,1% | Juuls | 475 kr.En kende kedelig rom. Den byder ikke på særlig mange indtryk i duften. Heldigvis kommer den tilbage på smagen med kokos og vanilje. 88 Plantation Guyana 200545% | Juuls | 469 kr.Let sødmefuld rom, som byder på karamel, vanilje og chokolade-elementer i både duft og smag. 88 Plantation Nicaragua 17-års 199942,3% | Juuls | 999 kr.Parfumeret i næsen. Sødmefuld med appelsin, toffee og vanilje. Pæn og ligefrem. Lidt en-strenget. 88 Plantation Barbados 5-års40% | Juuls | 265 kr.Næsen gemmer sig lidt, men smagen er til stede. Den smager af vanilje og kokos, går sødt ind men slutter tørt af. God rom. 88 Davidsen XO Red Label Rum45% | Skjold Burne | 499 kr. tilbudsprisNæsen er præget af brændt melasse og syrlige bær. Smagen er sødmefuld, men afslutningen er tør, hvilket giver den en rigtig flot kompleksitet. 88 Plantation Gran Anejo Guatemala42% | Juuls | 299 kr.Orangenoter i duften. Sødmefuld med appelsin, krydderier og vanilje noter. Pæn og ligefrem med en krydret afslutning. 87 Rhum Nation Panama 10-års40% | MacY | 299 kr. tilbudsprisLette, frugtige noter på duften, og i smagen finder man ren slikbutik med masser af sødme og hubba bubba. En kende ubalanceret rom. 87 Plantation Xaymaca43% | Juuls | 299 kr.Meget let og en smule vandet i smagen. Den byder ikke på det helt store i hverken duft eller smag. 87 Compagnie Des Indes Caraibes40% | Juuls | 295 kr.Let sødlig og kedelig rom. Den mangler lidt balance men kommer godt igen på afslutningen. 87 Compagnie Des Indes West indies40% | Juuls | 399 kr.Noget vandet og kedelig rom. Ikke den store oplevelse sammenlignet med resten af feltet. 87 Silver Seal Demerara 2003 Diamond Distillery 12 Years Old Rum46 % | CRT Spirits | 1799 kr.Parfumeret i duften. Medium intensitet i smagen med let krydrede noter og vanilje. Savner mere dybde. 87 Plantation Panama 200442% | Juuls | 449 kr.Parfumeret i duften. Elegant og frugtig i udtrykket med lette krydrede noter, citrus og nelliker i smagen. Pæn bød og rund afslutning. 87 Plantation Trinidad 200842% | Juuls | 449 kr.Både duft og smag er en anelse endimensionelle. Vi får chokolade, karamel og vanilje. 87 Plantation Barbados 200542,8% | Juuls | 449 kr.Let og udetaljeret i duften. Smagen er sødmefuld uden at kamme helt over og bevarer balance. Men en fantastisk rom er det ikke. 87 Plantation Fiji 200944,8% | Juuls | 475 kr.Krydrede noter i duften. Ikke specielt høj intensitet i smagen. Lette frugtige og krydrede noter. En anelse kort afslutning. 86 Rum Nation Guatemala XO40% | MacY | 475 kr. tilbudsprisParfumeret i duften. Meget sødmefuld med toffee, honning og krydderier i smagen. Pæn afslutning men lidt simpel. 85 Davidsen Gold Rum37,5% | Skjold Burne | 125 kr.Parfumeret og en anelse syntetisk i duften. Lav intensitet og noget vandet i smagen. Meget jævn og kort i smagen. 84 Davidsen Silver Rum37,5% | Skjold Burne | 125 kr.Let krydret i næsen. Meget vandig og stort set ingen intensitet i smagen. Kort afslutning. 82Kom til Franske Vindage 28. + 29. februar - læs mere her.Kom til Italiensk vinfestival d.27+28 marts - læs mere her.    .article-widget-bodytext--facts{padding-top:0;padding-bottom:0}.article-widget-header--facts{font-size:30px;text-align:left}.facts-bg--white{border:1px solid #e5e5e5}.facts-coverup{position:absolute;left:0;right:0;bottom:0;height:60%;border-radius:5px}.article-widget--facts img{height:auto;width:100%}.cb-expand:checked~.transition-expand .facts-coverup{opacity:0;height:0}.facts-coverup--eb{background:-webkit-gradient(linear,left top,left bottom,from(rgba(189,17,24,0)),to(#bd1118));background:linear-gradient(rgba(189,17,24,0),#bd1118)}.facts-coverup--graa6{background:-webkit-gradient(linear,left top,left bottom,from(hsla(0,0%,89.8%,0)),to(#e5e5e5));background:linear-gradient(hsla(0,0%,89.8%,0),#e5e5e5)}.facts-coverup--black{background:-webkit-gradient(linear,left top,left bottom,from(transparent),to(#000));background:linear-gradient(transparent,#000)}.facts-coverup--white{background:-webkit-gradient(linear,left top,left bottom,from(hsla(0,0%,100%,0)),to(#fff));background:linear-gradient(hsla(0,0%,100%,0),#fff)}Magasinet Whisky & Rom Whisky & Rom Magasinet udkommer 5 gange årligt med minimum 92 sider med temaer, masser af test og spændende artikler om destillerier. Læs mere her. ",29. feb. 2020
https://ekstrabladet.dk/sport/fodbold/udenlandsk_fodbold/italienskfodbold/eriksens-kamp-mod-juventus-udsat-efter-coronafrygt/8025372,27,Eriksens kamp mod Juventus udsat efter coronafrygt,,"Se professionel top-boksning i aften. Køb adgang herFlere kampe i Italien er udsat.Juventus-Inter, Milan-Genoa, Parma-Spal, Udinese-Fiorentina og Sassuolo-Brescia er alle ramte og skal i stedet spilles på en ny dato. Det sker på grund af frygten for cornonavirussen.Christian Eriksens Inter havde ellers set frem til opgøret, hvor de skulle forsøge at hale ind på førerhodlet fra Torino, og i første omgang var det meningen, at kampen skulle gennemføres uden tilskuere.Det er dog lavet om, så nu spilles kampen i stedet 13. maj. En kamp, der klemmer sig ind mellem 36. og 37. runde.Milans hjemmekamp mod Genoa, der kunne byde på et danskermøde, er også udsat til 13. maj.Milan, der råder over Simon Kjær i truppen, skulle som nævnt hjemme på San Siro have taget imod Genoa med danskerne Lasse Schöne, Lukas Lerager og Peter Ankersen.Det er langt fra de første sportsbegivenheder, der er ramt af dem omtalte virus, men det er et par af de største, der har været påvirket.Eriksens Inter spillede uden tilskuere i Europa League-kampen mod Ludogorets, og det italienske storhold gik videre trods den manglende opbakning fra publikum.Næste opgave er nu Napoli i Coppa Italia. Den kamp spilles efter planen 5. marts.Grundet udsættelsen af de mange kampe bliver pokalfinalen også rykket fra 13. maj til 20. maj.",29. feb. 2020
https://ekstrabladet.dk/nyheder/politik/de-radikale-fastholder-klima-trussel-mod-regeringen/8025265,350,De Radikale fastholder klima-trussel mod regeringen,"De Radikale truer fortsat med at vælte regeringen, hvis ikke den har en klimahandlingsplan klar 5. juni","Der er glæde blandt regeringens støttepartier, efter at klimaminister Dan Jørgensen (S) lørdag har indkaldt Folketingets partier til forhandlinger, der i sidste ende munder ud i en samlet klimahandlingsplan.Men selv om De Radikale, der har kritiseret regeringen for nøl, roser ministeren for at indkalde til forhandlinger, så fastholder støttepartiet et centralt krav.Den endelige handlingsplan skal være klar inden 5. juni. Er den ikke det, så truer De Radikale med at trække støtten til regeringen.Det siger De Radikales leder, Morten Østergaard.- Jeg noterer mig, at Dan Jørgensen nu har en mødeplan. Det er godt og er forudsætningen for, at vi kan få en handlingsplan. - Men jeg konstaterer, at der fortsat er usikkerhed om, hvorvidt regeringen vil levere det, som egentlig blev aftalt, da den blev dannet sidste sommer: En klimahandlingsplan umiddelbart efter klimaloven.- Vi kan ikke tabe momentum. Vi kan ikke gå ned i fart, siger Østergaard.Folketingets partier med undtagelse af Nye Borgerlige og Liberal Alliance blev i december sidste år enige om en klimalov.I klimaloven ligger en målsætning om, at Danmark i 2030 skal have reduceret CO2-udledningen med 70 procent i forhold til niveauet i 1990. Klimahandlingsplanen skal konkret beskrive, hvordan målsætningen kan opfyldes. Klimarådet afleverer 9. marts sine anbefalinger til klimahandlingsplanens delmål for 2025. 16. marts kommer regeringens 13 såkaldte klimapartnerskaber med deres anbefalinger. Her kommer dansk erhvervsliv med bud på, hvordan det kan lade sig gøre at nå det omtalte klimamål.Når det er sket, skal regeringen fremlægge en handlingsplan, mener Østergaard.- Jeg er mere optimistisk end Dan Jørgensen, i forhold til hvad der kan lade sig gøre i foråret, siger Østergaard.- Det her handler ikke om at slå sig selv på brystet og Christiansborg-fnidder. Det her er et spørgsmål om, at klimaet ikke har tid til, at vi venter. - Hvis vores mål skal nås i 2030, er der ikke plads til en forårssæson uden store beslutninger, siger Østergaard.Især De Radikale og Enhedslisten har udtrykt utålmodighed med regeringen. Det er dog kun De Radikale, som truer med at vælte regeringen. Så langt vil Enhedslistens klimaordfører, Mai Villadsen, ikke gå.- For Enhedslisten er indholdet det aller vigtigste. Vi går efter en ambitiøs plan, og det er ikke afgørende for os, om den lander 5., 6. eller 7. juni, siger hun.SF's formand, Pia Olsen Dyhr, minder på Twitter klimaministeren om, at det er det nuværende røde flertal, der 'har sat det mest ambitiøse mål nogensinde'.",29. feb. 2020
https://ekstrabladet.dk/nyheder/samfund/fyret-for-at-slikke-paa-patienters-taeer/8021294,88,Fyret for at slikke på patienters tæer,,"En 23-årig medarbejder på hospitalet Gulf Coast Hospital i Ford Meyers i Florida er blevet anholdt for angiveligt at have slikket på en patients tæer.Det fortæller det lokale politi, Lee County Sheriff's Office i en rapport, skriver NBC.Patienten havde forklaret, at hun kunne mærke, at nogen rørte hendes fod omkring klokken 23 mandag aften. Dette bed patienten ikke umiddelbart mærke i, da hun bare forventede, at medarbejderen tjekkede, om der var hævelser i foden.Men det sluttede ikke der.Patienten mærkede endnu engang at fødderne blev rørt både to og tre gange. Men tredje gang var ikke som de forrige.Hun kunne nemlig mærke, at der denne gang var noget vådt mellem tæerne. Nu kunne patienten umiddelbart se at medarbejderen, Franz Beldorin, sad på sine knæ foroverbøjet over hendes fødder.Den indlagte blev så forarget over situationen, at hun trak sine fødder til sig. Franz Beldorin lod sig umiddelbart ikke mærke af situationen, men satte sig hen i hjørnet af rummet på en stol, hvor han normalt skulle side for at holde øje med nabopatientens helbred.En stor misforståelseMen ikke nok med det, så var den 23-årige medarbejder så fræk, at stikke sit hoved frem og spørge patienten, om hun var okay.Og det fik den indlagte til at kalde på en sygeplejerske, og fortælle hele den traumatiske situation.Sygeplejersken var vaks ved havelågen, og fik tilkaldt sikkerhedspersonale. Og da politiet ankom blev Franz Beldorin anholdt på hospitalet.Da NBC talte med den sigtede, fortalte han, at det hele bare havde været en stor frygtelig misforståelse.- Jeg tabte min telefon under sengen, og da jeg er i gang med at samle den op, begyndte hun at sparke, fortalte Franz Beldorin.- Hun var bange, og det var mørkt. Det er et mørkt lokale med en mørk mand ved foden af hendes seng. Jeg kan godt forstå, hvorfor hun bliver bange, fortalte han til sit forsvar.FyretDen 23-årige forklarede, at han mistede både job og gode ry på en og samme nat.- Det får mig til at se skør eller klam ud. Og det er jeg ikke! Jeg er ikke den type fyr, fortæller han.Nu står overfor en skærpet sigtelse, fordi det er mod en ældre person.Hospitalet har bekræftet, at de har gang i en sag med myndighederne, men vil ikke gå yderligere i detaljer, fordi sagen stadig undersøges af politiet.",29. feb. 2020
https://ekstrabladet.dk/sport/anden_sport/mma/mma-kaemper-brystopereret-deler-modigt-toploest-billede/8025333,58,MMA-kæmper brystopereret - deler modigt topløst billede,,"Se professionel top-boksning i aften. Køb adgang herCathilee Deborah 'Cat' Zingano har lidt og havde intet andet valg end at end at lade sig operere.Den 37-årige MMA-fighter blev så syg af sine brystimplantater, og hun ville af med de helbredsproblemer, som hun har døjet med.Muskelsmerter, vejrtrækningsproblemer og hudkløe har været hverdag for hende.Nu skriver hun til sine over 500.000 følgere, at hun det virkelig har haft det smertefuldt. Og deler et billede som bevis på hendes nuværende situation.",29. feb. 2020
https://ekstrabladet.dk/nyheder/samfund/hemmeligt-agent-vaerktoej-spion-radio-gravet-ned-naer-militaert-anlaeg/8025250,53,Hemmeligt agent-værktøj: Spion-radio gravet ned nær militært anlæg,,"Få spadestik under jorden på en skovsti i Hambacher Wald vest for den tyske by Köln har tyske arkæologer gjort en opsigtsvækkende opdagelse.Erich Classen, leder af Der Landschaftsverband Rheinland (LVR), udgravede helt uventet en metalboks med en professionel spion-radio, mens hans team ledte efter resterne af en antik romersk privatbolig.Det oplyser LVR-Fachbereich Kommunikation i en pressemeddelelse, som er sendt videre til Ekstra Bladets reportere.Radio virker stadigvækRadiosenderen af modellen R-394KKM er fremstillet i Sovjetunionen før afslutningen af den kolde krig i 1987. Den blev fundet i den originale indpakning i et område meget tæt på et militært anlæg og et atomvåben-støttecenter i byen Nörvenich.Radioen var forsynet med kontakt-oplysninger forfattet på russisk, og vurderingen er, at apparatet er i stand til at transmittere og modtage meddelelser over en på mere end 1200 kilometers afstand.- Vi tror, radioen vil virke, hvis vi kan skaffe et nyt batteri, siger arkæolog Erich Classen.Rester af kold krigLVR-lederen forestiller sig, at spion-radioen er indstillet til at blive benyttet af tysk- eller engelsk-talende operatører før Sovjetunionens kollaps i 1991.Meget tyder på, at apparatet aldrig har været i brug, og at det var skjult som en form for back up-sender, hvis der skulle opstå en ekstraordinær krisesituation.Spion-radioen bliver nu udstillet på Landes Museum i Bonn.",29. feb. 2020
https://ekstrabladet.dk/nyheder/samfund/dmi-advarer-om-forhoejet-vandstand/8025264,35,DMI advarer om forhøjet vandstand,,"Lørdag aften tiltager vinden i Nordsøen og ved den jyske vestkyst.Det medfører forhøjet vandstand, melder DMI lørdag formiddag.Der er tale om forhøjet vandstand på mellem 2 og 2.20 meter, hvilket ikke er nok til, at DMI udsender et varsel.Det kan dog godt ændre sig i løbet af dagen, hvis vejrforholdene ændrer sig, fortæller vagthavende Steen Rasmussen til Ekstra Bladet.- Det er ikke voldsomt, men der er tale om forhøjet vandstand. Vi har kontaktet lokale myndigheder i den forbindelse, og vi holder naturligvis øje med situationen.Især i Jylland har man i ugevis kæmpet med oversvømmelser og store mængder vand i byer som Vejle, Kolding og Silkeborg. Lørdag aften er der dog formentlig kun risiko for, at vandstanden vil vil skabe udfordringer i byer langs vestkysten. Vandstanden skal stige med 2.40 meter, før DMI udsender et varsel om farligt vejr. Man skal ligeledes være opmærksom på, at vinden kan tage til i løbet af dagen ved Vadehavet og vestkysten med op til hård kuling og kraftige vindstød.",29. feb. 2020
https://ekstrabladet.dk/sport/anden_sport/boksning/ramte-bunden-taet-paa-stop-som-18-aarig/8025311,0,Ramte bunden: Tæt på stop som 18-årig,,"Se professionel top-boksning i aften. Køb adgang herHan var rørt til tårer, den dengang 18-årige superletvægter Oliver Møllenberg, da han netop havde indkasseret karrierens første uafgjorte resultat; dermed formåede han alligevel ikke at skrive sig ind i historiebøgerne som den yngste dansker nogensinde til at erobre en ungdomstitel.I minutterne efter det mindre boksebrag i en udsolgt Gilleleje Hallen med knap 1200 tilskuere på plads omkring ringen gav Gilleleje-knægten følelserne frit løb, da han sammen med sin farmand, den nu tidligere promotor Thomas Møllenberg, skulle forsøge at sætte ord på den ret ambivalente fornemmelse, de begge stod tilbage med og det ufrivillige uafgjorte resultat.- Jeg har jo droppet alt for det her; droppet min skolegang. At være så tæt på at blive ungdomsmester … Og så glipper det til sidst? Det er så brandærgerligt. Det var bare pisse hårdt i ringen til sidst; Jeg tog springet til at gå hele 10 omgange. Fuck! Et spring. Men jeg gjorde det sgu. Jeg kæmpede alt, hvad jeg havde lært, lød det fra Oliver Møllenberg, der ligesom Møllenberg-senior mente, at det strengt taget burde have endt med en dansk sejr.For alt i alt leverede sønnike en glimrende præstation, mente Thomas Møllenberg - en indsats, knægten i den grad kunne være bekendt; mod en modstander, der bestemt ikke var hr. hvem som helst.Mental mavepusterMen det kan være umådelig svært selv at indse som et uprøvet, uerfarent og purungt talent, der allerhelst bare vil imponere og drive det vidt - lige fra dag ét. Dertil kan modgang være en underlig størrelse … Indsigten i, at man måske hverken er uovervindelig eller usårlig - men det er der vel heller ingen, der er. Det blev - bogstaveligt talt - ikke til et hak i tuden, men sidenhen endte det uafgjorte resultat i titelkampen som en mental mavepuster på Oliver Møllenberg, der pludselig stod tilbage med en tom følelse. Demotiveret. For Møllenberg var skuffet over sig selv; og havde han i grunden også skuffet alle de lokale tilskuere, der jo ellers have brølet om kap, mens slaget stod på? En tanke, der kørte i ring, husker Oliver Møllenberg.En tanke, der nærmest ikke var til at bære. - Er det overhovedet god nok? Var det det? Har jeg stadig noget i mig?- Jeg havde slet ikke motivationen til at træne de første to-tre måneder efter kampen - hvilket slet, slet ikke lignede mig. Mig, der er kendt for hårdt arbejde og flere ubarmhjertige træningspas dagligt? Jeg orkede heller ikke at spise sundt, så jeg tog mere end 10 kilo på, siger Oliver Møllenberg, der tilmed tog karrieren op til revision:- Man spørger sig selv: Sig mig, er det det hele værd? Og da min daværende promotor lukkede og slukkede, tænkte jeg: Er der overhovedet nogle, der gider at have mig? Set i bakspejlet kan jeg sagtens se, at resultatet rent psykisk tog hårdt på mig. Jeg røg sgu rimelig langt ned. Til sidst blev jeg buttet at se på? For fanden, Oliver ... så stopper festen! måtte jeg sige til mig selv, siger Møllenberg.Og det gjorde den så heldigvis … For lørdag er Oliver Møllenberg så endelig tilbage i ringen i ledtog med Team Møllenberg - bestående blandt andet af træneren Carsten Post og manden med overblikket, Thomas Møllenberg. Denne gang er det mod den 28-årige tysker Sandro Luetke til TK Promotions debutstævne i Ringkøbing. En mere overkommelig opgave denne gang ser det ud til. Over seks omgange. Under alle omstændigheder vender den 18-årige Gilleleje-knægt med egne ord tilbage stronger than ever - hærdet og med mere ringrutine i kroppen.     .article-widget-bodytext--facts{padding-top:0;padding-bottom:0}.article-widget-header--facts{font-size:30px;text-align:left}.facts-bg--white{border:1px solid #e5e5e5}.facts-coverup{position:absolute;left:0;right:0;bottom:0;height:60%;border-radius:5px}.article-widget--facts img{height:auto;width:100%}.cb-expand:checked~.transition-expand .facts-coverup{opacity:0;height:0}.facts-coverup--eb{background:-webkit-gradient(linear,left top,left bottom,from(rgba(189,17,24,0)),to(#bd1118));background:linear-gradient(rgba(189,17,24,0),#bd1118)}.facts-coverup--graa6{background:-webkit-gradient(linear,left top,left bottom,from(hsla(0,0%,89.8%,0)),to(#e5e5e5));background:linear-gradient(hsla(0,0%,89.8%,0),#e5e5e5)}.facts-coverup--black{background:-webkit-gradient(linear,left top,left bottom,from(transparent),to(#000));background:linear-gradient(transparent,#000)}.facts-coverup--white{background:-webkit-gradient(linear,left top,left bottom,from(hsla(0,0%,100%,0)),to(#fff));background:linear-gradient(hsla(0,0%,100%,0),#fff)}- Fortryder intet- Ja, måske var det for tidligt med den titelkamp. Jeg gik død i de sidste omgange. Jeg brugte for mange kræfter i starten - rutinen manglede. Måske var det for forhastet? Men jeg fortryder ikke, at jeg tog chancen. Jeg er kommet meget stærkere ud på den anden side! siger Oliver Møllenberg.Se professionel top-boksning i aften. Køb adgang her--------- SPLIT ELEMENT ---------Møllenberg genvandt gnisten i rollen som coachLørdag er Oliver Møllenberg så endelig tilbage i ringen; denne gang mod den 28-årige tysker Sandro Luetke til TK Promotions debutstævne i Ringkøbing. Møllenberg har smidt de overflødige kilo i træningslokalet og står nu atter skarpt som en toptrimmet bokser bør: Det er ikke mindst et par 14-15-årige knægtes fortjeneste; fire amatørboksere, som Oliver Møllenberg de sidste mange måneder har ageret coach for.Det var igennem dem, at han selv genvandt gnisten, fortæller Møllenberg: - De drenge har bare givet mig rigtig meget på det personlige plan og motiveret mig til atter at klø på i træningslokalet. Jeg har nok kunnet spejle mig i deres uspolerede begejstring for boksningen, siger Gilleleje-bokseren en anelse lettet og ikke mindst stolt på sine små lærlinges vegne.For han har nemlig hjulpet dem godt på vej hver især, siger Møllenberg stolt, så den lokale bokseklub i Gilleleje nu kan føje endnu en landsholdsbokser samt en dansk mester og et par Sjællandsmestre til samlingen.     .article-widget-bodytext--facts{padding-top:0;padding-bottom:0}.article-widget-header--facts{font-size:30px;text-align:left}.facts-bg--white{border:1px solid #e5e5e5}.facts-coverup{position:absolute;left:0;right:0;bottom:0;height:60%;border-radius:5px}.article-widget--facts img{height:auto;width:100%}.cb-expand:checked~.transition-expand .facts-coverup{opacity:0;height:0}.facts-coverup--eb{background:-webkit-gradient(linear,left top,left bottom,from(rgba(189,17,24,0)),to(#bd1118));background:linear-gradient(rgba(189,17,24,0),#bd1118)}.facts-coverup--graa6{background:-webkit-gradient(linear,left top,left bottom,from(hsla(0,0%,89.8%,0)),to(#e5e5e5));background:linear-gradient(hsla(0,0%,89.8%,0),#e5e5e5)}.facts-coverup--black{background:-webkit-gradient(linear,left top,left bottom,from(transparent),to(#000));background:linear-gradient(transparent,#000)}.facts-coverup--white{background:-webkit-gradient(linear,left top,left bottom,from(hsla(0,0%,100%,0)),to(#fff));background:linear-gradient(hsla(0,0%,100%,0),#fff)}Om Forsman Sports Management- Lige med Peder Forsman skulle jeg have valgt anderledes. Men hvordan fanden skulle jeg have vidst, at Forsman havde den fortid? Set i bakspejlet var det selvfølgelig et dumt valg. Hvis jeg havde kendt hans fortid, havde jeg ikke skrevet under med ham - det der sidenhen kom frem, har jeg absolut ingen respekt, siger Oliver Møllenberg.Se professionel top-boksning i aften. Køb adgang her",29. feb. 2020
